model,dataset,accuracy,precision_fake,recall_fake,f1_fake,f1_macro
LinearSVC_TFIDF,validation,0.9166096225308038,0.9160448683105203,0.9154567901234568,0.9157507348037641,0.9166009548755637
LinearSVC_TFIDF,test,0.9192734118107252,0.9187339395137379,0.918144105881772,0.918438927998024,0.9192649603447842
