best_threshold,best_validation_f1_fake
0.08339882,0.9075449832265935
