dataset,accuracy,f1_fake,f1_macro
VAL_default,0.9077963035399961,0.9069879280367954,0.907789338417021
VAL_tuned,0.9073562487776257,0.9075449832265935,0.9073558627136018
TEST_tuned,0.9090053418411628,0.9091973652110271,0.9090049349023507
