Model,Accuracy,Precision_fake,Recall_fake,F1_fake,Precision_reliable,Recall_reliable,F1_reliable,F1_macro
TF-IDF + chi2 + SVD + LinearSVC,0.6227544910179641,0.6382306477093207,0.7305605786618445,0.6812816188870152,0.5962059620596206,0.48997772828507796,0.5378973105134475,0.6095894647002313
