dataset,accuracy,precision_fake,recall_fake,f1_fake,f1_macro
FakeNews TEST,0.9774933531193966,0.9621247987879935,0.9687291448183811,0.9654156769596199,0.9743672491392665
