Dataset,Training_source,Evaluation_type,Accuracy,Precision_fake,Recall_fake,F1_fake,F1_macro
FakeNews test,FakeNews train+val,in-domain,0.9774933531193966,0.9621247987879935,0.9687291448183811,0.9654156769596199,0.9743672491392665
LIAR test,FakeNews train+val,cross-domain,0.5339321357285429,0.5716666666666667,0.620253164556962,0.5949696444058976,0.523101743472044
